lganame,wardname,pop_under5,fac_phc,fac_total,flare_total_bcm_13yr,no2_umol_m2_forecast,no2_umol_m2_climatology,rainfall_mm_forecast,rainfall_mm_climatology,t2m_mean_forecast,t2m_mean_climatology,tier
Bomadi,Akugbene 1,288,0,1,0.0,13.1,14.22800932004975,346.29,269.77237215909093,26.13,26.698333333333334,watch
Bomadi,Akugbene 2,0,0,0,0.0,12.67,14.24994141859973,298.93,269.0303955078125,26.26,27.115,watch
Bomadi,Akugbene 3,551,1,1,0.0,12.29,14.16489085061455,286.72,269.0303955078125,26.26,27.115,watch
Bomadi,Bomadi,5833,3,4,0.0,12.28,14.943668724126406,307.13,282.92364686908144,26.26,27.115,watch
Bomadi,Ekaametagbene/Kalafio,515,3,3,0.0,11.61,12.047583004459739,315.51,287.9423328746449,26.28,27.115,watch
Bomadi,Esanma,785,1,1,0.0,13.04,13.622406543488198,289.65,272.5198183926669,26.28,27.115,watch
Bomadi,Kpakiama,2863,3,4,0.0,12.98,14.847652184673482,320.97,279.0973658706203,26.29,27.115,watch
Bomadi,Ogbeinma/Okoloba,574,3,3,0.0,13.22,14.011384142317443,344.3,270.2027624881629,26.13,26.698333333333334,watch
Bomadi,Ogo/Eze,557,2,2,0.0,13.48,13.254597628734441,333.39,264.34902399236506,26.12,26.698333333333334,watch
Bomadi,Ogriagbene,488,1,2,0.0,11.79,13.001150780058067,281.21,290.67593291311556,26.28,27.115,watch
Burutu,Bolou-Ndoro,1340,2,2,0.0,11.72,11.83367804719173,274.87,294.42934589612156,26.28,27.115,watch
Burutu,Egodor,1760,5,5,0.0,14.63,15.347864274669604,356.84,273.6326036096257,26.14,26.698333333333334,watch
Burutu,Eseinbiri,2600,4,4,0.0,12.31,13.924263449942893,324.05,281.82262880940084,26.28,27.115,watch
Burutu,Kiagbodo,2458,2,3,0.0,14.26,14.084701979300009,367.59,264.7865341648911,26.13,26.698333333333334,watch
Burutu,Ngbilebiri,482,2,2,0.0,12.78,12.615238639617539,354.18,272.1666518702651,26.14,26.698333333333334,watch
Burutu,Obetebe,1382,4,5,0.0,12.76,13.655860342883638,349.19,270.9802544572884,26.13,26.698333333333334,watch
Burutu,Ogulagha,4975,5,7,0.241696686,13.05,16.105378480543468,190.38,162.08733220880683,26.29,26.698333333333334,watch
Burutu,Ojobo,1732,1,2,0.0,11.95,11.542389360589109,267.35,276.5945915453362,26.27,27.115,watch
Burutu,Tamigbe,1507,1,1,0.0,12.97,13.811369963268472,288.49,286.943017208215,26.28,27.115,watch
Burutu,Torugbene,721,3,3,0.0,11.14,12.702383693457316,294.67,286.39082475142044,26.28,27.115,watch
Burutu,Tuomo,2395,3,3,0.0,12.25,15.191225799383943,336.81,284.4537908380682,26.26,27.115,watch
Patani,Abari,705,1,1,0.0,13.33,17.626714751323952,331.78,256.4499533913352,26.49,27.185000000000002,watch
Patani,Agoloma,1340,1,1,0.0,13.72,16.975173119655146,377.62,266.4692808209043,26.12,26.878333333333334,watch
Patani,Buluangiama,1034,2,2,0.0,12.99,15.537662139173507,377.94,268.2595672607422,26.11,26.878333333333334,watch
Patani,Odorubu,2618,5,5,0.0,12.71,15.450283209080524,375.72,275.6837921142578,26.13,26.878333333333334,watch
Patani,Patani 2,2064,0,0,0.0,13.66,17.788216306750353,333.85,258.8247597434304,26.19,26.878333333333334,watch
Patani,Patani 3,1386,2,3,0.0,13.44,17.783166757518693,342.09,259.25682114109844,26.19,26.878333333333334,watch
Patani,Patani 4,1818,3,3,0.0,12.68,16.900071256843926,352.35,261.0957336425781,26.22,26.878333333333334,watch
Patani,Patani 5,2240,1,1,0.0,13.4,16.529964935272098,341.69,262.9848331600041,26.18,26.878333333333334,watch
Patani,Toruangiama,617,1,1,0.0,13.08,15.244047556604658,361.24,271.75142785274625,26.11,26.878333333333334,watch
Patani,Uduophori,1730,1,1,0.0,12.89,15.640657563510883,377.54,274.42838689630685,26.13,26.878333333333334,watch
Warri South,Avenue,3738,7,7,0.0,23.7,24.824660795275122,321.52,244.0954021107067,26.03,26.698333333333334,possible
Warri South,Bowen,0,4,5,0.0,23.58,22.998675766367732,332.33,247.0134943181818,26.05,26.698333333333334,possible
Warri South,Ekurede,12247,11,12,0.0,21.86,22.684557396652444,327.37,246.6774666526101,26.04,26.698333333333334,possible
Warri South,Esisi,2242,11,11,0.0,24.36,24.31322900520172,316.21,239.16695334694603,26.0,26.698333333333334,possible
Warri South,Igbudu,7774,14,14,0.0,24.3,23.58671502276723,316.59,241.51041851621687,26.0,26.698333333333334,possible
Warri South,Obodo,681,2,3,0.000993394,17.23,17.826976675548526,352.2,252.12860384854403,26.2,26.698333333333334,watch
Warri South,Ode-Itsekiri,780,1,2,0.0,19.84,21.4821227384707,344.58,260.1451600970644,26.06,26.698333333333334,watch
Warri South,Okere,9257,10,13,0.0,23.81,23.290290690575993,317.08,244.0954021107067,26.02,26.698333333333334,possible
Warri South,Pessu,4862,4,4,0.0,22.44,21.684121000881923,322.66,247.0134943181818,26.06,26.698333333333334,possible
Warri South,Ubeji,10314,6,6,0.0,20.4,21.838578414734823,330.2,241.63716422737417,26.03,26.698333333333334,possible
Warri South-West,Ajudaibo,44,1,1,0.008369597,15.97,15.581389301847334,53.43,39.547746658325195,27.55,27.998333333333335,watch
Warri South-West,Akpakpa,102,0,0,0.0,16.37,15.278057045569378,38.19,26.73142398487438,27.55,27.998333333333335,watch
Warri South-West,Isaba,368,1,1,0.0,16.46,18.793926782174303,385.75,273.20439157196967,26.13,26.698333333333334,watch
Warri South-West,Madangho,84,1,1,0.0,17.17,15.742583855171688,56.3,47.96528001265092,27.16,27.998333333333335,watch
Warri South-West,Ogbe-Ijoh,2510,4,6,1.140323966,16.87,18.49190346172529,352.87,255.1143317945076,26.11,26.698333333333334,watch
Warri South-West,Ogidigben,598,1,2,0.540161479,15.36,15.086059777656503,102.42,86.09640849720348,27.16,27.998333333333335,watch
Warri South-West,Okerenkoko,1090,2,3,0.899942809,13.98,16.096389269541955,296.36,186.8439731790562,26.17,26.698333333333334,watch
Warri South-West,Oporozo,898,2,3,0.163191998,16.46,16.08920034154185,128.6,91.19038113680753,27.21,27.998333333333335,watch
Warri South-West,Orere,221,5,5,0.0,16.34,16.068753052783745,297.3,189.23024175974945,27.18,27.998333333333335,watch
Warri South-West,Ugborodo,1981,1,1,1.054009574,16.17,16.997627140621525,250.05,173.61415238813922,27.2,27.998333333333335,watch
