lganame,wardname,pop_total,pop_under5,pixel_count
Aniocha North,Ezi,10186,1589,70
Aniocha North,Idumuje-Unor,17324,2703,47
Aniocha North,Issele-Mkpitime,26739,4171,57
Aniocha North,Issele-Uku 1,22487,3508,27
Aniocha North,Issele-Uku 2,23003,3588,22
Aniocha North,Obior/Onicha-Uku,11647,1817,26
Aniocha North,Obomkpa,5006,781,33
Aniocha North,Onicha-Olona,15242,2378,24
Aniocha North,Onicha-Ugbo,24560,3831,29
Aniocha North,Ugbodu,7989,1246,45
Aniocha South,Adonte,6549,1022,72
Aniocha South,Agiadiasi,39179,6112,39
Aniocha South,Ejeme/Egbudu,7897,1232,54
Aniocha South,Ewulu/Isheagu,9491,1481,71
Aniocha South,Nsukwa,6182,964,66
Aniocha South,Otulu,25177,3928,148
Aniocha South,Ubulu-Okiti,11561,1804,39
Aniocha South,Ubulu-Uku 1,13954,2177,13
Aniocha South,Ubulu-Uku 2,19303,3011,46
Aniocha South,Ubulu-Unor,9230,1440,75
Aniocha South,Umudei,33997,5304,40
Bomadi,Akugbene 1,1848,288,13
Bomadi,Akugbene 2,0,0,0
Bomadi,Akugbene 3,3533,551,3
Bomadi,Bomadi,37392,5833,29
Bomadi,Ekaametagbene/Kalafio,3299,515,98
Bomadi,Esanma,5029,785,26
Bomadi,Kpakiama,18353,2863,48
Bomadi,Ogbeinma/Okoloba,3677,574,10
Bomadi,Ogo/Eze,3569,557,12
Bomadi,Ogriagbene,3127,488,35
Burutu,Bolou-Ndoro,8587,1340,218
Burutu,Egodor,11283,1760,85
Burutu,Eseinbiri,16667,2600,94
Burutu,Kiagbodo,15754,2458,16
Burutu,Ngbilebiri,3090,482,17
Burutu,Obetebe,8856,1382,157
Burutu,Ogulagha,31889,4975,224
Burutu,Ojobo,11105,1732,35
Burutu,Tamigbe,9662,1507,53
Burutu,Torugbene,4619,721,30
Burutu,Tuomo,15353,2395,82
Ethiope East,Abraka,84932,13249,24
Ethiope East,Egbo,8134,1269,31
Ethiope East,Eku,47769,7452,34
Ethiope East,Igun,20147,3143,40
Ethiope East,Isiokolo,14019,2187,24
Ethiope East,Kokori,37972,5924,42
Ethiope East,Okpara,42879,6689,70
Ethiope East,Orhaorpo,10215,1594,16
Ethiope East,Oria,20446,3190,38
Ethiope East,Ovu,42391,6613,65
Ethiope East,Urhuovie,35624,5557,31
Ethiope West,Jesse 1,62210,9705,59
Ethiope West,Jesse 2,11761,1835,53
Ethiope West,Jesse 3,6449,1006,40
Ethiope West,Jesse 4,6274,979,33
Ethiope West,Mosogar 1,41000,6396,28
Ethiope West,Mosogar 2,9180,1432,50
Ethiope West,Ogharefe 1,49484,7720,48
Ethiope West,Ogharefe 2,71768,11196,20
Ethiope West,Ogharefe 3,17338,2705,37
Ethiope West,Oghareki 1,33450,5218,10
Ethiope West,Oghareki 2,16161,2521,61
Ika North East,Akumazi,34384,5364,28
Ika North East,Boji-Boji Owa 1,15334,2392,3
Ika North East,Boji-Boji Owa 2,10391,1621,2
Ika North East,Idumuesah,17481,2727,34
Ika North East,Igbodo,23843,3720,32
Ika North East,Mbiri,9179,1432,39
Ika North East,Otolokpo,8458,1319,14
Ika North East,Owa-Alero,22081,3445,15
Ika North East,Owa-Alizomor,18655,2910,26
Ika North East,Owa-Oyibu,14821,2312,19
Ika North East,Owanta,37970,5923,16
Ika North East,Umunede,49678,7750,23
Ika North East,Ute-Ogbeje,8246,1286,25
Ika North East,Ute-Okpu,30257,4720,66
Ika South,Abavo Central,11378,1775,12
Ika South,Agbor-Nta,20756,3238,33
Ika South,Boji-Boji Agbor 7,25889,4039,20
Ika South,Agbor Obi,12991,2027,8
Ika South,Alihagwu,6689,1043,26
Ika South,Ekuku Agbor,12811,1999,34
Ika South,Emuhu,28392,4429,27
Ika South,Oyoko,12942,2019,43
Ika South,Ozanogogo,10466,1633,50
Ika South,Udomi-Azuowa,11493,1793,35
Isoko North,Ellu,26912,4198,44
Isoko North,Emevor,26807,4182,48
Isoko North,Iyede 1,18707,2918,44
Isoko North,Iyede 2,14330,2235,24
Isoko North,Ofagbe,15666,2444,27
Isoko North,Okpe-Isoko,8631,1346,19
Isoko North,Owhe 1,24231,3780,28
Isoko North,Owhe 2,21501,3354,41
Isoko North,Owhe 3,7131,1112,18
Isoko North,Oyede,15285,2384,36
Isoko North,Ozoro 1,32877,5129,19
Isoko North,Ozoro 2,18481,2883,15
Isoko North,Ozoro 3,51536,8040,42
Isoko South,Avsiara,21691,3384,52
Isoko South,Emede,24948,3892,23
Isoko South,Enwhe,12396,1934,42
Isoko South,Igbide,25423,3966,42
Isoko South,Irri 10,34651,5406,21
Isoko South,Irri 11,18857,2942,73
Isoko South,Oleh 1,36702,5726,26
Isoko South,Oleh 2,26273,4099,10
Isoko South,Olomoro,24444,3813,54
Isoko South,Umeh/Erowha,5568,869,74
Isoko South,Uzere,24000,3744,80
Ndokwa East,Aballa/Inyi/Onuaboh,7609,1187,199
Ndokwa East,Aboh/Akarai,22527,3514,247
Ndokwa East,Afor/Obikwele,14366,2241,121
Ndokwa East,Ase,5096,795,48
Ndokwa East,Ashaka/Ushie,22758,3550,54
Ndokwa East,Ibedeni/Azagba,2306,360,37
Ndokwa East,Ibrede/Onu/Iyede-Ame,10385,1620,94
Ndokwa East,Okpi/Utchi/Beneku,28611,4463,312
Ndokwa East,Ossissa,7289,1137,80
Ndokwa East,Umuolu/Onya,3642,568,101
Ndokwa West,Abbi 8,6245,974,24
Ndokwa West,Abbi 9,15808,2466,29
Ndokwa West,Emu,15052,2348,64
Ndokwa West,Etua,2959,462,45
Ndokwa West,Kwale,99223,15479,101
Ndokwa West,Ndemili,17160,2677,88
Ndokwa West,Ogume 6,15730,2454,24
Ndokwa West,Ogume 7,16960,2646,41
Ndokwa West,Onitcha Ukwuani,12850,2005,63
Ndokwa West,Utagba Uno,11104,1732,79
Okpe,Adagbarassa,5480,855,40
Okpe,Adeje,21197,3307,42
Okpe,Aghalokpe,6264,977,24
Okpe,Evwriyen,10316,1609,45
Okpe,Mereje,14638,2284,58
Okpe,Oha,81107,12653,40
Okpe,Okwabude,7848,1224,42
Okpe,Orerokpe,37375,5830,18
Okpe,Oviri-Okpe,3442,537,26
Okpe,Ughoton,71856,11210,66
Oshimili North,Atuma Akwukwu-Igbo,12778,1993,75
Oshimili North,Ebu,9187,1433,55
Oshimili North,Ezukwu/Ogboli/Achalla,13462,2100,33
Oshimili North,Illah,19060,2973,119
Oshimili North,Ogbowele,11125,1736,25
Oshimili North,Okpanam/Ugbolu,108755,16966,101
Oshimili North,Ukalla/Anwalo,5070,791,22
Oshimili North,Umueze,7427,1159,51
Oshimili North,Umuezeagwu/Okponta,7756,1210,4
Oshimili North,Umuodafe,26343,4110,39
Oshimili South,Akuebolu,6299,983,1
Oshimili South,Cable Point,32555,5079,5
Oshimili South,Oko Anala/Amakom,16390,2557,57
Oshimili South,Oko Ogbele,4055,633,85
Oshimili South,Okwe,38075,5940,12
Oshimili South,Ugbomanta,24783,3866,3
Oshimili South,Umuagu,21651,3378,3
Oshimili South,Umuaji,35519,5541,18
Oshimili South,Umuezei,14956,2333,2
Oshimili South,Umuonaje,34864,5439,8
Oshimili South,West End,131439,20504,64
Patani,Abari,4520,705,21
Patani,Agoloma,8591,1340,15
Patani,Buluangiama,6626,1034,41
Patani,Odorubu,16785,2618,46
Patani,Patani 2,13233,2064,9
Patani,Patani 3,8884,1386,12
Patani,Patani 4,11652,1818,7
Patani,Patani 5,14362,2240,23
Patani,Toruangiama,3954,617,10
Patani,Uduophori,11089,1730,36
Sapele,Abeke,9448,1474,1
Sapele,Agbawan,13527,2110,1
Sapele,Amukpe,133768,20868,77
Sapele,Amuogodo,30845,4812,4
Sapele,Ayomanor,12649,1973,1
Sapele,Elume,20133,3141,80
Sapele,Etamua,43069,6719,22
Sapele,Gana,59575,9294,69
Sapele,Hausa,3866,603,1
Sapele,Okpe,45289,7065,9
Sapele,Ugborhen/Okokporo,8261,1289,62
Udu,Aladja,32734,5107,19
Udu,Egini,27505,4291,21
Udu,Ekete,57946,9040,8
Udu,Emadadja,19598,3057,31
Udu,Ogbe Udu,11594,1809,13
Udu,Opete,25088,3914,19
Udu,Orhuwhorun,102948,16060,20
Udu,Otor Udu,20497,3198,14
Udu,Ovwian,70546,11005,18
Udu,Owhrode,10627,1658,13
Ughelli North,Afiesere/Ereumukohwaren,52389,8173,47
Ughelli North,Agbarha-Otor,58607,9143,115
Ughelli North,Agbarho 1,92357,14408,40
Ughelli North,Agbarho 2,40319,6290,67
Ughelli North,Evwreni,15710,2451,45
Ughelli North,Orogun 1,24986,3898,56
Ughelli North,Orogun 2-Erhobaro,22020,3435,97
Ughelli North,Otor-Ogor,25923,4044,40
Ughelli North,Ughelli Urban 1,139510,21764,49
Ughelli North,Ughelli Urban 2,129636,20223,46
Ughelli North,Uwheru,21353,3331,115
Ughelli South,Ekakpamre,152321,23762,55
Ughelli South,Ewu 1,51112,7973,199
Ughelli South,Ewu 2,15841,2471,103
Ughelli South,Ewu 3,8712,1359,138
Ughelli South,Jeremi 1,23148,3611,27
Ughelli South,Jeremi 2,58593,9141,36
Ughelli South,Jeremi 3,46726,7289,17
Ughelli South,Jeremi 4,24697,3853,87
Ughelli South,Olomu 1,24023,3748,38
Ughelli South,Olomu 2,39999,6240,61
Ughelli South,Olomu 3-Effurun-Otor,53561,8356,33
Ukwuani,Akoku,14707,2294,42
Ukwuani,Amai,12501,1950,45
Ukwuani,Ebedei,15884,2478,39
Ukwuani,Eziokpor,1983,309,20
Ukwuani,Ezionum,6550,1022,17
Ukwuani,Ogbeobiaruku,39704,6194,20
Ukwuani,Okuzu,36103,5632,13
Ukwuani,Umuebu,3210,501,13
Ukwuani,Umukwata,25029,3905,60
Ukwuani,Umutu,27090,4226,21
Uvwie,Alaka,72981,11385,8
Uvwie,Ekpan 10,65445,10209,8
Uvwie,Ekpan 9,39787,6207,12
Uvwie,Enerhen 3,33012,5150,5
Uvwie,Enerhen 4,18052,2816,5
Uvwie,Ohorhe,56783,8858,46
Uvwie,Ugbomro,51099,7971,10
Uvwie,Ugborikoko,65641,10240,6
Uvwie,Ugboroke,12010,1874,1
Uvwie,Urhumarhu,69885,10902,6
Warri North,Abigborodo,4013,626,48
Warri North,Ebrohimi,1224,191,66
Warri North,Eghoro,1376,215,101
Warri North,Gbokoda,2065,322,33
Warri North,Koko,29943,4671,110
Warri North,Ogbinbiri,979,153,54
Warri North,Ogheye,11357,1772,49
Warri North,Okbudugbudu,5277,823,81
Warri North,Opuama,2798,436,39
Warri North,Tsekelewu,2350,367,23
Warri South-West,Ajudaibo,280,44,6
Warri South-West,Akpakpa,657,102,9
Warri South-West,Isaba,2358,368,45
Warri South-West,Madangho,538,84,2
Warri South-West,Ogbe-Ijoh,16088,2510,213
Warri South-West,Ogidigben,3835,598,29
Warri South-West,Okerenkoko,6984,1090,196
Warri South-West,Oporozo,5755,898,88
Warri South-West,Orere,1414,221,60
Warri South-West,Ugborodo,12699,1981,64
Warri South,Avenue,23961,3738,7
Warri South,Bowen,0,0,0
Warri South,Ekurede,78506,12247,13
Warri South,Esisi,14375,2242,1
Warri South,Igbudu,49836,7774,5
Warri South,Obodo,4367,681,76
Warri South,Ode-Itsekiri,5002,780,48
Warri South,Okere,59337,9257,6
Warri South,Pessu,31169,4862,8
Warri South,Ubeji,66118,10314,53
Ika South,Boji-Boji Agbor 8,15746,2456,3
Ika South,Agbor-Obi 2,17245,2690,7
