lganame,wardname,no2_umol_m2_mean,no2_valid_pixels_total,rainfall_mm_mean,t2m_mean,flare_n_sites,flare_total_bcm_13yr,fac_total,fac_phc,pop_total,pop_under5,phc_per_1k_u5,no2_umol_m2_for_score,score_child,score_no2,score_flare,score_coverage_gap,score,rank
Warri South,Ekurede,28.98966954489879,12,211.14157629013062,26.290833333333335,0,0.0,12,11,78506,12247,0.9,28.98966954489879,1.0,0.9037447026665658,0.0,0.8984771573604061,0.801,1
Warri South,Ubeji,23.426907318935264,36,212.43950471423923,26.290833333333335,0,0.0,6,6,66118,10314,0.58,23.426907318935264,0.8421654282681473,0.5053937151146092,0.0,0.9345741680767061,0.655,2
Warri South,Okere,,0,211.06629848480225,26.290833333333335,0,0.0,13,10,59337,9257,1.08,25.363124711112782,0.7558585776108435,0.6440467940992305,0.0,0.8781725888324873,0.645,3
Warri South,Pessu,30.333824194409925,12,212.55875078837076,26.290833333333335,0,0.0,4,4,31169,4862,0.82,30.333824194409925,0.39699518249367194,1.0,0.0,0.9075014100394811,0.616,4
Warri South,Igbudu,,0,206.59737820095486,26.290833333333335,0,0.0,14,14,49836,7774,1.8,25.363124711112782,0.634767698211807,0.6440467940992305,0.0,0.7969543147208122,0.582,5
Warri South-West,Ugborodo,20.794467369948205,24,130.51480662027993,27.228333333333335,20,1.054009574,1,1,12699,1981,0.5,20.794467369948205,0.16175389891401976,0.3168839405181255,0.9243071315051182,0.9435984207557812,0.51,6
Warri South-West,Ogbe-Ijoh,19.77577539946651,384,224.8495602077908,26.290833333333335,26,1.140323966,6,4,16088,2510,1.59,19.77577539946651,0.20494815056748591,0.24393511833791026,1.0,0.8206429780033841,0.488,7
Bomadi,Bomadi,20.55971921303505,12,229.67878087361655,26.4825,0,0.0,4,3,37392,5833,0.51,20.55971921303505,0.4762799052829264,0.300073558133651,0.0,0.9424703891708968,0.477,8
Warri South,Avenue,,0,211.06629848480225,26.290833333333335,0,0.0,7,7,23961,3738,1.87,25.363124711112782,0.3052176043112599,0.6440467940992305,0.0,0.7890580936266216,0.465,9
Warri South,Bowen,,0,212.55875078837076,26.290833333333335,0,0.0,5,4,0,0,0.0,25.363124711112782,0.0,0.6440467940992305,0.0,1.0,0.411,10
Patani,Patani 2,,0,208.09761397043863,26.364166666666666,0,0.0,0,0,13233,2064,0.0,21.88058709483206,0.16853106883318364,0.39466128339784967,0.0,1.0,0.408,11
Patani,Patani 5,22.23451732182487,24,213.3276868547712,26.364166666666666,0,0.0,1,1,14362,2240,0.45,22.23451732182487,0.18290193516779618,0.4200063277696958,0.0,0.949238578680203,0.406,12
Burutu,Ogulagha,16.604720763603435,324,131.49253641764324,26.290833333333335,38,0.241696686,7,5,31889,4975,1.01,16.604720763603435,0.4062219319016902,0.01685499259004597,0.21195440349098127,0.8860688099266779,0.4,13
Warri South-West,Okerenkoko,18.8336666991852,408,157.28722847832574,26.290833333333335,26,0.899942809,3,2,6984,1090,1.83,18.8336666991852,0.08900138809504368,0.17647044595146,0.7891992414724011,0.7935702199661591,0.392,14
Warri South,Ode-Itsekiri,24.06354774898824,72,225.49833354243526,26.290833333333335,0,0.0,2,1,5002,780,1.28,24.06354774898824,0.06368906671021475,0.5509837176574874,0.0,0.8556119571347998,0.374,15
Patani,Agoloma,22.3490950853981,12,219.74842410617404,26.364166666666666,0,0.0,1,1,8591,1340,0.75,22.3490950853981,0.1094145505021638,0.42821127405660725,0.0,0.9153976311336718,0.374,16
Patani,Uduophori,21.261279850174713,24,221.84743830362956,26.364166666666666,0,0.0,1,1,11089,1730,0.58,21.261279850174713,0.14125908385727118,0.3503125151985036,0.0,0.9345741680767061,0.371,17
Burutu,Kiagbodo,20.41720775499319,12,211.39595074123807,26.290833333333335,0,0.0,3,2,15754,2458,0.81,20.41720775499319,0.20070221278680495,0.2898682720289387,0.0,0.9086294416243654,0.37,18
Bomadi,Kpakiama,20.040070568130535,36,220.04408582051596,26.4825,0,0.0,4,3,18353,2863,1.05,20.040070568130535,0.2337715358863395,0.2628613706503195,0.0,0.8815566835871405,0.368,19
Patani,Odorubu,21.509618090931326,60,220.2546765009562,26.364166666666666,0,0.0,5,5,16785,2618,1.91,21.509618090931326,0.2137666367273618,0.36809608735813826,0.0,0.784545967287084,0.363,20
Patani,Patani 4,,0,210.18884658813477,26.364166666666666,0,0.0,3,3,11652,1818,1.65,21.88058709483206,0.14844451702457745,0.39466128339784967,0.0,0.8138747884940778,0.354,21
Patani,Patani 3,,0,208.78621080186633,26.364166666666666,0,0.0,3,2,8884,1386,1.44,21.88058709483206,0.1131705723850739,0.39466128339784967,0.0,0.8375634517766497,0.348,22
Warri South,Esisi,,0,205.47395054499307,26.290833333333335,0,0.0,11,11,14375,2242,4.91,25.363124711112782,0.18306524046705316,0.6440467940992305,0.0,0.44613649182177095,0.337,23
Patani,Buluangiama,22.125012037577108,60,218.24104436238608,26.364166666666666,0,0.0,2,2,6626,1034,1.93,22.125012037577108,0.08442883971584877,0.4121646231721748,0.0,0.7822899041173152,0.328,24
Patani,Abari,21.679718580950674,24,205.54481150309243,26.655,0,0.0,1,1,4520,705,1.42,21.679718580950674,0.057565117988078715,0.38027703190148376,0.0,0.8398195149464185,0.325,25
Patani,Toruangiama,22.004868696967606,12,224.60695605807834,26.364166666666666,0,0.0,1,1,3954,617,1.62,22.004868696967606,0.05037968482077244,0.4035611243283434,0.0,0.817258883248731,0.323,26
Warri South-West,Ogidigben,17.637347506630856,36,62.534538785616554,27.228333333333335,10,0.540161479,2,1,3835,598,1.67,17.637347506630856,0.04882828447783131,0.09080168780157544,0.4736912448615502,0.8116187253243091,0.314,27
Burutu,Tuomo,17.551369902927643,48,241.65251244439017,26.4825,0,0.0,3,3,15353,2395,1.25,17.551369902927643,0.19555809586021067,0.08464480710970054,0.0,0.8589960518894529,0.304,28
Warri South-West,Akpakpa,,0,20.491481165091198,27.228333333333335,0,0.0,0,0,657,102,0.0,19.177874414154537,0.008328570262105005,0.20111925846785111,0.0,1.0,0.303,29
Bomadi,Akugbene 1,18.696546893200622,24,219.91002400716147,26.290833333333335,0,0.0,1,0,1848,288,0.0,18.696546893200622,0.023515963093002367,0.1666512575863796,0.0,1.0,0.3,30
Burutu,Egodor,20.408099468719836,168,233.5374148499732,26.290833333333335,0,0.0,5,5,11283,1760,2.84,20.408099468719836,0.1437086633461256,0.289216025054412,0.0,0.679639029892837,0.293,31
Bomadi,Akugbene 2,,0,218.08514499664307,26.4825,0,0.0,0,0,0,0,0.0,18.653150913610578,0.0,0.16354365912660818,0.0,1.0,0.291,32
Burutu,Eseinbiri,16.798467925127625,96,235.90747717655066,26.4825,0,0.0,4,4,16667,2600,1.54,16.798467925127625,0.21229688903404914,0.030729282015598616,0.0,0.826283135927806,0.289,33
Burutu,Tamigbe,16.97702843254471,48,248.72612720065646,26.4825,0,0.0,1,1,9662,1507,0.66,16.97702843254471,0.12305054299012003,0.04351605081462886,0.0,0.9255499153976311,0.285,34
Burutu,Ojobo,16.395013820632204,24,252.28778415256076,26.4825,0,0.0,2,1,11105,1732,0.58,16.395013820632204,0.14142238915652813,0.0018378186689330376,0.0,0.9345741680767061,0.284,35
Warri South-West,Isaba,21.450242608504293,96,234.8260257297092,26.290833333333335,0,0.0,1,1,2358,368,2.72,21.450242608504293,0.030048175063280804,0.3638441921484548,0.0,0.6931754089114495,0.275,36
Warri South-West,Oporozo,18.59336979188291,84,73.6829481124878,27.228333333333335,9,0.163191998,3,2,5755,898,2.23,18.59336979188291,0.07332407936637544,0.1592627159710601,0.14311020627974771,0.7484489565707839,0.274,37
Bomadi,Esanma,17.70821333479944,12,223.48339684804282,26.4825,0,0.0,1,1,5029,785,1.27,17.70821333479944,0.06409732995835715,0.09587640994283185,0.0,0.8567399887196842,0.261,38
Bomadi,Akugbene 3,,0,218.08514499664307,26.4825,0,0.0,1,1,3533,551,1.81,18.653150913610578,0.04499060994529273,0.16354365912660818,0.0,0.7958262831359277,0.256,39
Warri South,Obodo,20.00167474833171,204,217.93733723958334,26.290833333333335,1,0.000993394,3,2,4367,681,2.94,20.00167474833171,0.055605454396995185,0.2601118350574909,0.0008711506814020605,0.6683587140439933,0.252,40
Burutu,Bolou-Ndoro,16.369349648610093,288,259.74681865305143,26.4825,0,0.0,2,2,8587,1340,1.49,16.369349648610093,0.1094145505021638,0.0,0.0,0.8319232938522279,0.246,41
Bomadi,Ogriagbene,17.443231930277154,24,251.27883826361764,26.4825,0,0.0,2,1,3127,488,2.05,17.443231930277154,0.039846493018698456,0.07690101608513854,0.0,0.7687535250987028,0.225,42
Burutu,Obetebe,17.304513349723166,312,233.11678691294,26.290833333333335,0,0.0,5,4,8856,1382,2.89,17.304513349723166,0.11284396178655998,0.06696733901773246,0.0,0.6739988719684151,0.225,43
Bomadi,Ogo/Eze,19.62265537258645,12,219.13758865992227,26.290833333333335,0,0.0,2,2,3569,557,3.59,19.62265537258645,0.045480525843063606,0.23297014959684761,0.0,0.5950366610265088,0.223,44
Burutu,Ngbilebiri,18.50669519222316,36,237.50906478034128,26.290833333333335,0,0.0,2,2,3090,482,4.15,18.50669519222316,0.03935657712092758,0.15305592320019848,0.0,0.5318668922729837,0.185,45
Burutu,Torugbene,17.844667581812246,24,252.0678168402778,26.4825,0,0.0,3,3,4619,721,4.16,17.844667581812246,0.0588715603821344,0.10564793744035944,0.0,0.5307388606880993,0.18,46
Bomadi,Ogbeinma/Okoloba,18.33293261673437,12,219.44188902113171,26.290833333333335,0,0.0,3,3,3677,574,5.23,18.33293261673437,0.04686862088674777,0.14061273567324276,0.0,0.41003948110547095,0.154,47
Bomadi,Ekaametagbene/Kalafio,16.821837380120996,120,241.15678024291992,26.4825,0,0.0,3,3,3299,515,5.83,16.821837380120996,0.042051114558667425,0.03240277534445434,0.0,0.3423575860124084,0.108,48
Warri South-West,Madangho,,0,37.42774401770698,27.228333333333335,0,0.0,1,1,538,84,11.9,19.177874414154537,0.0068588225687923575,0.20111925846785111,0.0,0.0,0.053,49
Warri South-West,Ajudaibo,19.01749654583303,12,30.893853267033894,27.228333333333335,3,0.008369597,1,1,280,44,22.73,19.01749654583303,0.0035927165836531394,0.18963455363377305,0.0073396659629619675,0.0,0.05,50
Warri South-West,Orere,17.320629391785285,48,144.34831607703006,27.228333333333335,0,0.0,5,5,1414,221,22.62,17.320629391785285,0.01804523556789418,0.06812141338044929,0.0,0.0,0.023,51
